{
    "getSchema":{
       "type": "object",
       "required": [
         "id"     
       ],
       "properties": {
         "id" : {
           "type": "string"
         }
       }
    },
    "postSchema":{
        "type": "object",
        "required": [
          "username"     
        ],
        "properties": {
          "username" : {
            "type": "string",
            "minLength": 1,
            "maxLength": 10
          },
          "password" : {
            "type" : "string",
            "minLength": 1,
            "maxLength": 10
          }
        }
     }
}